source_sheet,source_group,area_code,area_name,device_code,device_name,device_type,point_code,point_name,data_type,unit,address,access_mode,scale_value,sort_order,io_module,io_type,modbus_type,sixnet_address,iconics_path,remark
1-4#主机,ZJ14,AREA-JDH-ZJ,金斗河主机区,DEV-ZJ4,4#主机,水泵,DI_ZJ4_YX,4#主机运行,BOOLEAN,,1,R,1,10,DI1,DI,1,0,\Address Space\ZJ14\DI,上位机读
1-4#主机,ZJ14,AREA-JDH-ZJ,金斗河主机区,DEV-ZJ4,4#主机,水泵,DI_ZJ4_HZ,4#主机电源合闸,BOOLEAN,,2,R,1,11,DI1,DI,1,1,\Address Space\ZJ14\DI,上位机读
1-4#主机,ZJ14,AREA-JDH-ZJ,金斗河主机区,DEV-ZJ4,4#主机,水泵,DI_ZJ4_GZ,4#主机故障,BOOLEAN,,3,R,1,12,DI1,DI,1,2,\Address Space\ZJ14\DI,上位机读
1-4#主机,ZJ14,AREA-JDH-ZJ,金斗河主机区,DEV-ZJ4,4#主机,水泵,DI_ZJ4_XD,4#主机现地,BOOLEAN,,4,R,1,13,DI1,DI,1,3,\Address Space\ZJ14\DI,上位机读
1-4#主机,ZJ14,AREA-JDH-ZJ,金斗河主机区,DEV-ZJ4,4#主机,水泵,DI_ZJ4_YC,4#主机远方,BOOLEAN,,5,R,1,14,DI1,DI,1,4,\Address Space\ZJ14\DI,上位机读
1-4#主机,ZJ14,AREA-JDH-ZJ,金斗河主机区,DEV-ZJ3,3#主机,水泵,DI_ZJ3_YX,3#主机运行,BOOLEAN,,7,R,1,15,DI1,DI,1,6,\Address Space\ZJ14\DI,上位机读
1-4#主机,ZJ14,AREA-JDH-ZJ,金斗河主机区,DEV-ZJ3,3#主机,水泵,DI_ZJ3_HZ,3#主机电源合闸,BOOLEAN,,8,R,1,16,DI1,DI,1,7,\Address Space\ZJ14\DI,上位机读
1-4#主机,ZJ14,AREA-JDH-ZJ,金斗河主机区,DEV-ZJ3,3#主机,水泵,DI_ZJ3_GZ,3#主机故障,BOOLEAN,,9,R,1,17,DI1,DI,1,8,\Address Space\ZJ14\DI,上位机读
1-4#主机,ZJ14,AREA-JDH-ZJ,金斗河主机区,DEV-ZJ3,3#主机,水泵,DI_ZJ3_XD,3#主机现地,BOOLEAN,,10,R,1,18,DI1,DI,1,9,\Address Space\ZJ14\DI,上位机读
1-4#主机,ZJ14,AREA-JDH-ZJ,金斗河主机区,DEV-ZJ3,3#主机,水泵,DI_ZJ3_YC,3#主机远方,BOOLEAN,,11,R,1,19,DI1,DI,1,10,\Address Space\ZJ14\DI,上位机读
1-4#主机,ZJ14,AREA-JDH-ZJ,金斗河主机区,DEV-ZJ2,2#主机,水泵,DI_ZJ2_YX,2#主机运行,BOOLEAN,,13,R,1,20,DI1,DI,1,12,\Address Space\ZJ14\DI,上位机读
1-4#主机,ZJ14,AREA-JDH-ZJ,金斗河主机区,DEV-ZJ2,2#主机,水泵,DI_ZJ2_HZ,2#主机电源合闸,BOOLEAN,,14,R,1,21,DI1,DI,1,13,\Address Space\ZJ14\DI,上位机读
1-4#主机,ZJ14,AREA-JDH-ZJ,金斗河主机区,DEV-ZJ2,2#主机,水泵,DI_ZJ2_GZ,2#主机故障,BOOLEAN,,15,R,1,22,DI1,DI,1,14,\Address Space\ZJ14\DI,上位机读
1-4#主机,ZJ14,AREA-JDH-ZJ,金斗河主机区,DEV-ZJ2,2#主机,水泵,DI_ZJ2_XD,2#主机现地,BOOLEAN,,16,R,1,23,DI1,DI,1,15,\Address Space\ZJ14\DI,上位机读
1-4#主机,ZJ14,AREA-JDH-ZJ,金斗河主机区,DEV-ZJ1,1#主机,水泵,DI_ZJ1_YX,1#主机运行,BOOLEAN,,19,R,1,24,DI1,DI,1,18,\Address Space\ZJ14\DI,上位机读
1-4#主机,ZJ14,AREA-JDH-ZJ,金斗河主机区,DEV-ZJ1,1#主机,水泵,DI_ZJ1_HZ,1#主机电源合闸,BOOLEAN,,20,R,1,25,DI1,DI,1,19,\Address Space\ZJ14\DI,上位机读
1-4#主机,ZJ14,AREA-JDH-ZJ,金斗河主机区,DEV-ZJ1,1#主机,水泵,DI_ZJ1_GZ,1#主机故障,BOOLEAN,,21,R,1,26,DI1,DI,1,20,\Address Space\ZJ14\DI,上位机读
1-4#主机,ZJ14,AREA-JDH-ZJ,金斗河主机区,DEV-ZJ1,1#主机,水泵,DI_ZJ1_XD,1#主机现地,BOOLEAN,,22,R,1,27,DI1,DI,1,21,\Address Space\ZJ14\DI,上位机读
1-4#主机,ZJ14,AREA-JDH-ZJ,金斗河主机区,DEV-ZJ1,1#主机,水泵,DI_ZJ1_YC,1#主机远方,BOOLEAN,,23,R,1,28,DI1,DI,1,22,\Address Space\ZJ14\DI,上位机读
1-4#主机,ZJ14,AREA-JDH-ZJ,金斗河主机区,DEV-ZJ4,4#主机,水泵,DO_ZJ4_QD,4#主机启动,BOOLEAN,,1,W,1,29,DO1,DO,0,0,\Address Space\ZJ14\DO,上位机读
1-4#主机,ZJ14,AREA-JDH-ZJ,金斗河主机区,DEV-ZJ4,4#主机,水泵,DO_ZJ4_TZ,4#主机停止,BOOLEAN,,2,W,1,30,DO1,DO,0,1,\Address Space\ZJ14\DO,上位机读
1-4#主机,ZJ14,AREA-JDH-ZJ,金斗河主机区,DEV-ZJ3,3#主机,水泵,DO_ZJ3_QD,3#主机启动,BOOLEAN,,4,W,1,31,DO1,DO,0,3,\Address Space\ZJ14\DO,上位机读
1-4#主机,ZJ14,AREA-JDH-ZJ,金斗河主机区,DEV-ZJ3,3#主机,水泵,DO_ZJ3_TZ,3#主机停止,BOOLEAN,,5,W,1,32,DO1,DO,0,4,\Address Space\ZJ14\DO,上位机读
1-4#主机,ZJ14,AREA-JDH-ZJ,金斗河主机区,DEV-ZJ2,2#主机,水泵,DO_ZJ2_QD,2#主机启动,BOOLEAN,,7,W,1,33,DO1,DO,0,6,\Address Space\ZJ14\DO,上位机读
1-4#主机,ZJ14,AREA-JDH-ZJ,金斗河主机区,DEV-ZJ2,2#主机,水泵,DO_ZJ2_TZ,2#主机停止,BOOLEAN,,8,W,1,34,DO1,DO,0,7,\Address Space\ZJ14\DO,上位机读
1-4#主机,ZJ14,AREA-JDH-ZJ,金斗河主机区,DEV-ZJ1,1#主机,水泵,DO_ZJ1_QD,1#主机启动,BOOLEAN,,10,W,1,35,DO1,DO,0,9,\Address Space\ZJ14\DO,上位机读
1-4#主机,ZJ14,AREA-JDH-ZJ,金斗河主机区,DEV-ZJ1,1#主机,水泵,DO_ZJ1_TZ,1#主机停止,BOOLEAN,,11,W,1,36,DO1,DO,0,10,\Address Space\ZJ14\DO,上位机读
1-4#主机,ZJ14,AREA-JDH-ZJ,金斗河主机区,DEV-ZJ1,1#主机,水泵,RTD_ZJ1_WD1,备用,DECIMAL,C,17,R,1,37,RTD1,AI,3,16,\Address Space\ZJ14\RT,
1-4#主机,ZJ14,AREA-JDH-ZJ,金斗河主机区,DEV-ZJ1,1#主机,水泵,RTD_ZJ1_WD2,备用,DECIMAL,C,18,R,1,38,RTD1,AI,3,17,\Address Space\ZJ14\RT,
1-4#主机,ZJ14,AREA-JDH-ZJ,金斗河主机区,DEV-ZJ1,1#主机,水泵,RTD_ZJ1_WD3,备用,DECIMAL,C,19,R,1,39,RTD1,AI,3,18,\Address Space\ZJ14\RT,
1-4#主机,ZJ14,AREA-JDH-ZJ,金斗河主机区,DEV-ZJ1,1#主机,水泵,RTD_ZJ1_WD4,备用,DECIMAL,C,20,R,1,40,RTD1,AI,3,19,\Address Space\ZJ14\RT,
1-4#主机,ZJ14,AREA-JDH-ZJ,金斗河主机区,DEV-ZJ1,1#主机,水泵,RTD_ZJ1_WD5,备用,DECIMAL,C,21,R,1,41,RTD1,AI,3,20,\Address Space\ZJ14\RT,
1-4#主机,ZJ14,AREA-JDH-ZJ,金斗河主机区,DEV-ZJ1,1#主机,水泵,RTD_ZJ1_WD6,备用,DECIMAL,C,22,R,1,42,RTD1,AI,3,21,\Address Space\ZJ14\RT,
1-4#主机,ZJ14,AREA-JDH-ZJ,金斗河主机区,DEV-ZJ1,1#主机,水泵,RTD_ZJ1_WD7,备用,DECIMAL,C,23,R,1,43,RTD1,AI,3,22,\Address Space\ZJ14\RT,
1-4#主机,ZJ14,AREA-JDH-ZJ,金斗河主机区,DEV-ZJ1,1#主机,水泵,RTD_ZJ1_WD8,备用,DECIMAL,C,24,R,1,44,RTD1,AI,3,23,\Address Space\ZJ14\RT,
1-4#主机,ZJ14,AREA-JDH-ZJ,金斗河主机区,DEV-ZJ2,2#主机,水泵,RTD_ZJ2_WD1,备用,DECIMAL,C,27,R,1,45,RTD2,AI,3,26,\Address Space\ZJ14\RT,
1-4#主机,ZJ14,AREA-JDH-ZJ,金斗河主机区,DEV-ZJ2,2#主机,水泵,RTD_ZJ2_WD2,备用,DECIMAL,C,28,R,1,46,RTD2,AI,3,27,\Address Space\ZJ14\RT,
1-4#主机,ZJ14,AREA-JDH-ZJ,金斗河主机区,DEV-ZJ2,2#主机,水泵,RTD_ZJ2_WD3,备用,DECIMAL,C,29,R,1,47,RTD2,AI,3,28,\Address Space\ZJ14\RT,
1-4#主机,ZJ14,AREA-JDH-ZJ,金斗河主机区,DEV-ZJ2,2#主机,水泵,RTD_ZJ2_WD4,备用,DECIMAL,C,30,R,1,48,RTD2,AI,3,29,\Address Space\ZJ14\RT,
1-4#主机,ZJ14,AREA-JDH-ZJ,金斗河主机区,DEV-ZJ2,2#主机,水泵,RTD_ZJ2_WD5,备用,DECIMAL,C,31,R,1,49,RTD2,AI,3,30,\Address Space\ZJ14\RT,
1-4#主机,ZJ14,AREA-JDH-ZJ,金斗河主机区,DEV-ZJ2,2#主机,水泵,RTD_ZJ2_WD6,备用,DECIMAL,C,32,R,1,50,RTD2,AI,3,31,\Address Space\ZJ14\RT,
1-4#主机,ZJ14,AREA-JDH-ZJ,金斗河主机区,DEV-ZJ2,2#主机,水泵,RTD_ZJ2_WD7,备用,DECIMAL,C,33,R,1,51,RTD2,AI,3,32,\Address Space\ZJ14\RT,
1-4#主机,ZJ14,AREA-JDH-ZJ,金斗河主机区,DEV-ZJ2,2#主机,水泵,RTD_ZJ2_WD8,备用,DECIMAL,C,34,R,1,52,RTD2,AI,3,33,\Address Space\ZJ14\RT,
1-4#主机,ZJ14,AREA-JDH-ZJ,金斗河主机区,DEV-ZJ3,3#主机,水泵,RTD_ZJ3_WD1,备用,DECIMAL,C,37,R,1,53,RTD3,AI,3,36,\Address Space\ZJ14\RT,
1-4#主机,ZJ14,AREA-JDH-ZJ,金斗河主机区,DEV-ZJ3,3#主机,水泵,RTD_ZJ3_WD2,备用,DECIMAL,C,38,R,1,54,RTD3,AI,3,37,\Address Space\ZJ14\RT,
1-4#主机,ZJ14,AREA-JDH-ZJ,金斗河主机区,DEV-ZJ3,3#主机,水泵,RTD_ZJ3_WD3,备用,DECIMAL,C,39,R,1,55,RTD3,AI,3,38,\Address Space\ZJ14\RT,
1-4#主机,ZJ14,AREA-JDH-ZJ,金斗河主机区,DEV-ZJ3,3#主机,水泵,RTD_ZJ3_WD4,备用,DECIMAL,C,40,R,1,56,RTD3,AI,3,39,\Address Space\ZJ14\RT,
1-4#主机,ZJ14,AREA-JDH-ZJ,金斗河主机区,DEV-ZJ3,3#主机,水泵,RTD_ZJ3_WD5,备用,DECIMAL,C,41,R,1,57,RTD3,AI,3,40,\Address Space\ZJ14\RT,
1-4#主机,ZJ14,AREA-JDH-ZJ,金斗河主机区,DEV-ZJ3,3#主机,水泵,RTD_ZJ3_WD6,备用,DECIMAL,C,42,R,1,58,RTD3,AI,3,41,\Address Space\ZJ14\RT,
1-4#主机,ZJ14,AREA-JDH-ZJ,金斗河主机区,DEV-ZJ3,3#主机,水泵,RTD_ZJ3_WD7,备用,DECIMAL,C,43,R,1,59,RTD3,AI,3,42,\Address Space\ZJ14\RT,
1-4#主机,ZJ14,AREA-JDH-ZJ,金斗河主机区,DEV-ZJ3,3#主机,水泵,RTD_ZJ3_WD8,备用,DECIMAL,C,44,R,1,60,RTD3,AI,3,43,\Address Space\ZJ14\RT,
1-4#主机,ZJ14,AREA-JDH-ZJ,金斗河主机区,DEV-ZJ4,4#主机,水泵,RTD_ZJ4_WD1,备用,DECIMAL,C,47,R,1,61,RTD4,AI,3,46,\Address Space\ZJ14\RT,
1-4#主机,ZJ14,AREA-JDH-ZJ,金斗河主机区,DEV-ZJ4,4#主机,水泵,RTD_ZJ4_WD2,备用,DECIMAL,C,48,R,1,62,RTD4,AI,3,47,\Address Space\ZJ14\RT,
1-4#主机,ZJ14,AREA-JDH-ZJ,金斗河主机区,DEV-ZJ4,4#主机,水泵,RTD_ZJ4_WD3,备用,DECIMAL,C,49,R,1,63,RTD4,AI,3,48,\Address Space\ZJ14\RT,
1-4#主机,ZJ14,AREA-JDH-ZJ,金斗河主机区,DEV-ZJ4,4#主机,水泵,RTD_ZJ4_WD4,备用,DECIMAL,C,50,R,1,64,RTD4,AI,3,49,\Address Space\ZJ14\RT,
1-4#主机,ZJ14,AREA-JDH-ZJ,金斗河主机区,DEV-ZJ4,4#主机,水泵,RTD_ZJ4_WD5,备用,DECIMAL,C,51,R,1,65,RTD4,AI,3,50,\Address Space\ZJ14\RT,
1-4#主机,ZJ14,AREA-JDH-ZJ,金斗河主机区,DEV-ZJ4,4#主机,水泵,RTD_ZJ4_WD6,备用,DECIMAL,C,52,R,1,66,RTD4,AI,3,51,\Address Space\ZJ14\RT,
1-4#主机,ZJ14,AREA-JDH-ZJ,金斗河主机区,DEV-ZJ4,4#主机,水泵,RTD_ZJ4_WD7,备用,DECIMAL,C,53,R,1,67,RTD4,AI,3,52,\Address Space\ZJ14\RT,
1-4#主机,ZJ14,AREA-JDH-ZJ,金斗河主机区,DEV-ZJ4,4#主机,水泵,RTD_ZJ4_WD8,备用,DECIMAL,C,54,R,1,68,RTD4,AI,3,53,\Address Space\ZJ14\RT,
1-4#主机,ZJ14,AREA-JDH-ZJ,金斗河主机区,DEV-ZJ1,1#主机,水泵,PC_ZJ1_QD,1#主机启动指令,BOOLEAN,,201,W,1,69,,DO,0,200,\Address Space\ZJ14\PC,上位机写1，PLC自复位
1-4#主机,ZJ14,AREA-JDH-ZJ,金斗河主机区,DEV-ZJ1,1#主机,水泵,PC_ZJ1_TZ,1#主机停止指令,BOOLEAN,,202,W,1,70,,DO,0,201,\Address Space\ZJ14\PC,上位机写1，PLC自复位
1-4#主机,ZJ14,AREA-JDH-ZJ,金斗河主机区,DEV-ZJ1,1#主机,水泵,PC_ZJ1_FW,1#主机复位指令,BOOLEAN,,203,W,1,71,,DO,0,202,\Address Space\ZJ14\PC,上位机写1，PLC自复位
1-4#主机,ZJ14,AREA-JDH-ZJ,金斗河主机区,DEV-ZJ2,2#主机,水泵,PC_ZJ2_QD,2#主机启动指令,BOOLEAN,,204,W,1,72,,DO,0,203,\Address Space\ZJ14\PC,上位机写1，PLC自复位
1-4#主机,ZJ14,AREA-JDH-ZJ,金斗河主机区,DEV-ZJ2,2#主机,水泵,PC_ZJ2_TZ,2#主机停止指令,BOOLEAN,,205,W,1,73,,DO,0,204,\Address Space\ZJ14\PC,上位机写1，PLC自复位
1-4#主机,ZJ14,AREA-JDH-ZJ,金斗河主机区,DEV-ZJ2,2#主机,水泵,PC_ZJ2_FW,2#主机复位指令,BOOLEAN,,206,W,1,74,,DO,0,205,\Address Space\ZJ14\PC,上位机写1，PLC自复位
1-4#主机,ZJ14,AREA-JDH-ZJ,金斗河主机区,DEV-ZJ3,3#主机,水泵,PC_ZJ3_QD,3#主机启动指令,BOOLEAN,,207,W,1,75,,DO,0,206,\Address Space\ZJ14\PC,上位机写1，PLC自复位
1-4#主机,ZJ14,AREA-JDH-ZJ,金斗河主机区,DEV-ZJ3,3#主机,水泵,PC_ZJ3_TZ,3#主机停止指令,BOOLEAN,,208,W,1,76,,DO,0,207,\Address Space\ZJ14\PC,上位机写1，PLC自复位
1-4#主机,ZJ14,AREA-JDH-ZJ,金斗河主机区,DEV-ZJ3,3#主机,水泵,PC_ZJ3_FW,3#主机复位指令,BOOLEAN,,209,W,1,77,,DO,0,208,\Address Space\ZJ14\PC,上位机写1，PLC自复位
1-4#主机,ZJ14,AREA-JDH-ZJ,金斗河主机区,DEV-ZJ4,4#主机,水泵,PC_ZJ4_QD,4#主机启动指令,BOOLEAN,,210,W,1,78,,DO,0,209,\Address Space\ZJ14\PC,上位机写1，PLC自复位
1-4#主机,ZJ14,AREA-JDH-ZJ,金斗河主机区,DEV-ZJ4,4#主机,水泵,PC_ZJ4_TZ,4#主机停止指令,BOOLEAN,,211,W,1,79,,DO,0,210,\Address Space\ZJ14\PC,上位机写1，PLC自复位
1-4#主机,ZJ14,AREA-JDH-ZJ,金斗河主机区,DEV-ZJ4,4#主机,水泵,PC_ZJ4_FW,4#主机复位指令,BOOLEAN,,212,W,1,80,,DO,0,211,\Address Space\ZJ14\PC,上位机写1，PLC自复位
1-4#主机,ZJ14,AREA-JDH-ZJ,金斗河主机区,DEV-ZJ1,1#主机,水泵,PC_ZJ1_YJKJ,1#主机一键开机指令,BOOLEAN,,213,W,1,81,,DO,0,212,\Address Space\ZJ14\PC,上位机写1，PLC自复位
1-4#主机,ZJ14,AREA-JDH-ZJ,金斗河主机区,DEV-ZJ2,2#主机,水泵,PC_ZJ2_YJKJ,2#主机一键开机指令,BOOLEAN,,214,W,1,82,,DO,0,213,\Address Space\ZJ14\PC,上位机写1，PLC自复位
1-4#主机,ZJ14,AREA-JDH-ZJ,金斗河主机区,DEV-ZJ3,3#主机,水泵,PC_ZJ3_YJKJ,3#主机一键开机指令,BOOLEAN,,215,W,1,83,,DO,0,214,\Address Space\ZJ14\PC,上位机写1，PLC自复位
1-4#主机,ZJ14,AREA-JDH-ZJ,金斗河主机区,DEV-ZJ4,4#主机,水泵,PC_ZJ4_YJKJ,4#主机一键开机指令,BOOLEAN,,216,W,1,84,,DO,0,215,\Address Space\ZJ14\PC,上位机写1，PLC自复位
1-4#主机,ZJ14,AREA-JDH-ZJ,金斗河主机区,DEV-ZJ1,1#主机,水泵,PC_ZJ1_YJTJ,1#主机一键停机指令,BOOLEAN,,217,W,1,85,,DO,0,216,\Address Space\ZJ14\PC,上位机写1，PLC自复位
1-4#主机,ZJ14,AREA-JDH-ZJ,金斗河主机区,DEV-ZJ2,2#主机,水泵,PC_ZJ2_YJTJ,2#主机一键停机指令,BOOLEAN,,218,W,1,86,,DO,0,217,\Address Space\ZJ14\PC,上位机写1，PLC自复位
1-4#主机,ZJ14,AREA-JDH-ZJ,金斗河主机区,DEV-ZJ3,3#主机,水泵,PC_ZJ3_YJTJ,3#主机一键停机指令,BOOLEAN,,219,W,1,87,,DO,0,218,\Address Space\ZJ14\PC,上位机写1，PLC自复位
1-4#主机,ZJ14,AREA-JDH-ZJ,金斗河主机区,DEV-ZJ4,4#主机,水泵,PC_ZJ4_YJTJ,4#主机一键停机指令,BOOLEAN,,220,W,1,88,,DO,0,219,\Address Space\ZJ14\PC,上位机写1，PLC自复位
1-4#主机,ZJ14,AREA-JDH-ZJ,金斗河主机区,DEV-ZJ1,1#主机,水泵,BJ_ZJ1_QD,1#主机启动报警,BOOLEAN,,401,W,1,89,,DO,0,400,\Address Space\ZJ14\BJ,上位机读
1-4#主机,ZJ14,AREA-JDH-ZJ,金斗河主机区,DEV-ZJ1,1#主机,水泵,BJ_ZJ1_TZ,1#主机停止报警,BOOLEAN,,402,W,1,90,,DO,0,401,\Address Space\ZJ14\BJ,上位机读
1-4#主机,ZJ14,AREA-JDH-ZJ,金斗河主机区,DEV-ZJ2,2#主机,水泵,BJ_ZJ2_QD,2#主机启动报警,BOOLEAN,,403,W,1,91,,DO,0,402,\Address Space\ZJ14\BJ,上位机读
1-4#主机,ZJ14,AREA-JDH-ZJ,金斗河主机区,DEV-ZJ2,2#主机,水泵,BJ_ZJ2_TZ,2#主机停止报警,BOOLEAN,,404,W,1,92,,DO,0,403,\Address Space\ZJ14\BJ,上位机读
1-4#主机,ZJ14,AREA-JDH-ZJ,金斗河主机区,DEV-ZJ3,3#主机,水泵,BJ_ZJ3_QD,3#主机启动报警,BOOLEAN,,405,W,1,93,,DO,0,404,\Address Space\ZJ14\BJ,上位机读
1-4#主机,ZJ14,AREA-JDH-ZJ,金斗河主机区,DEV-ZJ3,3#主机,水泵,BJ_ZJ3_TZ,3#主机停止报警,BOOLEAN,,406,W,1,94,,DO,0,405,\Address Space\ZJ14\BJ,上位机读
1-4#主机,ZJ14,AREA-JDH-ZJ,金斗河主机区,DEV-ZJ4,4#主机,水泵,BJ_ZJ4_QD,4#主机启动报警,BOOLEAN,,407,W,1,95,,DO,0,406,\Address Space\ZJ14\BJ,上位机读
1-4#主机,ZJ14,AREA-JDH-ZJ,金斗河主机区,DEV-ZJ4,4#主机,水泵,BJ_ZJ4_TZ,4#主机停止报警,BOOLEAN,,408,W,1,96,,DO,0,407,\Address Space\ZJ14\BJ,上位机读
1-4#主机,ZJ14,AREA-JDH-ZJ,金斗河主机区,DEV-ZJ1,1#主机,水泵,FO_ZJ1_Ia,1#主机A相电流,DECIMAL,%,7001,R,1,97,,FO,4,0,\Address Space\ZJ14\FO,上位机读
1-4#主机,ZJ14,AREA-JDH-ZJ,金斗河主机区,DEV-ZJ1,1#主机,水泵,FO_ZJ1_Ib,1#主机B相电流,DECIMAL,%,7003,R,1,98,,FO,4,1,\Address Space\ZJ14\FO,上位机读
1-4#主机,ZJ14,AREA-JDH-ZJ,金斗河主机区,DEV-ZJ1,1#主机,水泵,FO_ZJ1_Ic,1#主机C相电流,DECIMAL,%,7005,R,1,99,,FO,4,2,\Address Space\ZJ14\FO,上位机读
1-4#主机,ZJ14,AREA-JDH-ZJ,金斗河主机区,DEV-ZJ1,1#主机,水泵,FO_ZJ1_Uab,1#主机AB相电压,DECIMAL,%,7007,R,1,100,,FO,4,3,\Address Space\ZJ14\FO,上位机读
1-4#主机,ZJ14,AREA-JDH-ZJ,金斗河主机区,DEV-ZJ1,1#主机,水泵,FO_ZJ1_Ubc,1#主机BC相电压,DECIMAL,%,7009,R,1,101,,FO,4,4,\Address Space\ZJ14\FO,上位机读
1-4#主机,ZJ14,AREA-JDH-ZJ,金斗河主机区,DEV-ZJ1,1#主机,水泵,FO_ZJ1_Uca,1#主机CA相电压,DECIMAL,%,7011,R,1,102,,FO,4,5,\Address Space\ZJ14\FO,上位机读
1-4#主机,ZJ14,AREA-JDH-ZJ,金斗河主机区,DEV-ZJ1,1#主机,水泵,FO_ZJ1_P,1#主机总有功功率,DECIMAL,%,7013,R,1,103,,FO,4,6,\Address Space\ZJ14\FO,上位机读
1-4#主机,ZJ14,AREA-JDH-ZJ,金斗河主机区,DEV-ZJ1,1#主机,水泵,FO_ZJ1_Q,1#主机总无功功率,DECIMAL,%,7015,R,1,104,,FO,4,7,\Address Space\ZJ14\FO,上位机读
1-4#主机,ZJ14,AREA-JDH-ZJ,金斗河主机区,DEV-ZJ1,1#主机,水泵,FO_ZJ1_PF,1#主机总功率因数,DECIMAL,%,7017,R,1,105,,FO,4,8,\Address Space\ZJ14\FO,上位机读
1-4#主机,ZJ14,AREA-JDH-ZJ,金斗河主机区,DEV-ZJ1,1#主机,水泵,FO_ZJ1_F,1#主机频率,DECIMAL,%,7019,R,1,106,,FO,4,9,\Address Space\ZJ14\FO,上位机读
1-4#主机,ZJ14,AREA-JDH-ZJ,金斗河主机区,DEV-ZJ2,2#主机,水泵,FO_ZJ2_Ia,2#主机A相电流,DECIMAL,%,7021,R,1,107,,FO,4,10,\Address Space\ZJ14\FO,上位机读
1-4#主机,ZJ14,AREA-JDH-ZJ,金斗河主机区,DEV-ZJ2,2#主机,水泵,FO_ZJ2_Ib,2#主机B相电流,DECIMAL,%,7023,R,1,108,,FO,4,11,\Address Space\ZJ14\FO,上位机读
1-4#主机,ZJ14,AREA-JDH-ZJ,金斗河主机区,DEV-ZJ2,2#主机,水泵,FO_ZJ2_Ic,2#主机C相电流,DECIMAL,%,7025,R,1,109,,FO,4,12,\Address Space\ZJ14\FO,上位机读
1-4#主机,ZJ14,AREA-JDH-ZJ,金斗河主机区,DEV-ZJ2,2#主机,水泵,FO_ZJ2_Uab,2#主机AB相电压,DECIMAL,%,7027,R,1,110,,FO,4,13,\Address Space\ZJ14\FO,上位机读
1-4#主机,ZJ14,AREA-JDH-ZJ,金斗河主机区,DEV-ZJ2,2#主机,水泵,FO_ZJ2_Ubc,2#主机BC相电压,DECIMAL,%,7029,R,1,111,,FO,4,14,\Address Space\ZJ14\FO,上位机读
1-4#主机,ZJ14,AREA-JDH-ZJ,金斗河主机区,DEV-ZJ2,2#主机,水泵,FO_ZJ2_Uca,2#主机CA相电压,DECIMAL,%,7031,R,1,112,,FO,4,15,\Address Space\ZJ14\FO,上位机读
1-4#主机,ZJ14,AREA-JDH-ZJ,金斗河主机区,DEV-ZJ2,2#主机,水泵,FO_ZJ2_P,2#主机总有功功率,DECIMAL,%,7033,R,1,113,,FO,4,16,\Address Space\ZJ14\FO,上位机读
1-4#主机,ZJ14,AREA-JDH-ZJ,金斗河主机区,DEV-ZJ2,2#主机,水泵,FO_ZJ2_Q,2#主机总无功功率,DECIMAL,%,7035,R,1,114,,FO,4,17,\Address Space\ZJ14\FO,上位机读
1-4#主机,ZJ14,AREA-JDH-ZJ,金斗河主机区,DEV-ZJ2,2#主机,水泵,FO_ZJ2_PF,2#主机总功率因数,DECIMAL,%,7037,R,1,115,,FO,4,18,\Address Space\ZJ14\FO,上位机读
1-4#主机,ZJ14,AREA-JDH-ZJ,金斗河主机区,DEV-ZJ2,2#主机,水泵,FO_ZJ2_F,2#主机频率,DECIMAL,%,7039,R,1,116,,FO,4,19,\Address Space\ZJ14\FO,上位机读
1-4#主机,ZJ14,AREA-JDH-ZJ,金斗河主机区,DEV-ZJ3,3#主机,水泵,FO_ZJ3_Ia,3#主机A相电流,DECIMAL,%,7041,R,1,117,,FO,4,20,\Address Space\ZJ14\FO,上位机读
1-4#主机,ZJ14,AREA-JDH-ZJ,金斗河主机区,DEV-ZJ3,3#主机,水泵,FO_ZJ3_Ib,3#主机B相电流,DECIMAL,%,7043,R,1,118,,FO,4,21,\Address Space\ZJ14\FO,上位机读
1-4#主机,ZJ14,AREA-JDH-ZJ,金斗河主机区,DEV-ZJ3,3#主机,水泵,FO_ZJ3_Ic,3#主机C相电流,DECIMAL,%,7045,R,1,119,,FO,4,22,\Address Space\ZJ14\FO,上位机读
1-4#主机,ZJ14,AREA-JDH-ZJ,金斗河主机区,DEV-ZJ3,3#主机,水泵,FO_ZJ3_Uab,3#主机AB相电压,DECIMAL,%,7047,R,1,120,,FO,4,23,\Address Space\ZJ14\FO,上位机读
1-4#主机,ZJ14,AREA-JDH-ZJ,金斗河主机区,DEV-ZJ3,3#主机,水泵,FO_ZJ3_Ubc,3#主机BC相电压,DECIMAL,%,7049,R,1,121,,FO,4,24,\Address Space\ZJ14\FO,上位机读
1-4#主机,ZJ14,AREA-JDH-ZJ,金斗河主机区,DEV-ZJ3,3#主机,水泵,FO_ZJ3_Uca,3#主机CA相电压,DECIMAL,%,7051,R,1,122,,FO,4,25,\Address Space\ZJ14\FO,上位机读
1-4#主机,ZJ14,AREA-JDH-ZJ,金斗河主机区,DEV-ZJ3,3#主机,水泵,FO_ZJ3_P,3#主机总有功功率,DECIMAL,%,7053,R,1,123,,FO,4,26,\Address Space\ZJ14\FO,上位机读
1-4#主机,ZJ14,AREA-JDH-ZJ,金斗河主机区,DEV-ZJ3,3#主机,水泵,FO_ZJ3_Q,3#主机总无功功率,DECIMAL,%,7055,R,1,124,,FO,4,27,\Address Space\ZJ14\FO,上位机读
1-4#主机,ZJ14,AREA-JDH-ZJ,金斗河主机区,DEV-ZJ3,3#主机,水泵,FO_ZJ3_PF,3#主机总功率因数,DECIMAL,%,7057,R,1,125,,FO,4,28,\Address Space\ZJ14\FO,上位机读
1-4#主机,ZJ14,AREA-JDH-ZJ,金斗河主机区,DEV-ZJ3,3#主机,水泵,FO_ZJ3_F,3#主机频率,DECIMAL,%,7059,R,1,126,,FO,4,29,\Address Space\ZJ14\FO,上位机读
1-4#主机,ZJ14,AREA-JDH-ZJ,金斗河主机区,DEV-ZJ4,4#主机,水泵,FO_ZJ4_Ia,4#主机A相电流,DECIMAL,%,7061,R,1,127,,FO,4,30,\Address Space\ZJ14\FO,上位机读
1-4#主机,ZJ14,AREA-JDH-ZJ,金斗河主机区,DEV-ZJ4,4#主机,水泵,FO_ZJ4_Ib,4#主机B相电流,DECIMAL,%,7063,R,1,128,,FO,4,31,\Address Space\ZJ14\FO,上位机读
1-4#主机,ZJ14,AREA-JDH-ZJ,金斗河主机区,DEV-ZJ4,4#主机,水泵,FO_ZJ4_Ic,4#主机C相电流,DECIMAL,%,7065,R,1,129,,FO,4,32,\Address Space\ZJ14\FO,上位机读
1-4#主机,ZJ14,AREA-JDH-ZJ,金斗河主机区,DEV-ZJ4,4#主机,水泵,FO_ZJ4_Uab,4#主机AB相电压,DECIMAL,%,7067,R,1,130,,FO,4,33,\Address Space\ZJ14\FO,上位机读
1-4#主机,ZJ14,AREA-JDH-ZJ,金斗河主机区,DEV-ZJ4,4#主机,水泵,FO_ZJ4_Ubc,4#主机BC相电压,DECIMAL,%,7069,R,1,131,,FO,4,34,\Address Space\ZJ14\FO,上位机读
1-4#主机,ZJ14,AREA-JDH-ZJ,金斗河主机区,DEV-ZJ4,4#主机,水泵,FO_ZJ4_Uca,4#主机CA相电压,DECIMAL,%,7071,R,1,132,,FO,4,35,\Address Space\ZJ14\FO,上位机读
1-4#主机,ZJ14,AREA-JDH-ZJ,金斗河主机区,DEV-ZJ4,4#主机,水泵,FO_ZJ4_P,4#主机总有功功率,DECIMAL,%,7073,R,1,133,,FO,4,36,\Address Space\ZJ14\FO,上位机读
1-4#主机,ZJ14,AREA-JDH-ZJ,金斗河主机区,DEV-ZJ4,4#主机,水泵,FO_ZJ4_Q,4#主机总无功功率,DECIMAL,%,7075,R,1,134,,FO,4,37,\Address Space\ZJ14\FO,上位机读
1-4#主机,ZJ14,AREA-JDH-ZJ,金斗河主机区,DEV-ZJ4,4#主机,水泵,FO_ZJ4_PF,4#主机总功率因数,DECIMAL,%,7077,R,1,135,,FO,4,38,\Address Space\ZJ14\FO,上位机读
1-4#主机,ZJ14,AREA-JDH-ZJ,金斗河主机区,DEV-ZJ4,4#主机,水泵,FO_ZJ4_F,4#主机频率,DECIMAL,%,7079,R,1,136,,FO,4,39,\Address Space\ZJ14\FO,上位机读
1-4#主机,ZJ14,AREA-JDH-ZJ,金斗河主机区,DEV-ZJ1,1#主机,水泵,FO_ZJ1_KJCS,1#主机开机次数,DECIMAL,%,7081,R,1,137,,FO,4,40,\Address Space\ZJ14\FO,上位机读
1-4#主机,ZJ14,AREA-JDH-ZJ,金斗河主机区,DEV-ZJ1,1#主机,水泵,FO_ZJ1_BCYX,1#主机本次运行时间,DECIMAL,%,7083,R,1,138,,FO,4,41,\Address Space\ZJ14\FO,上位机读
1-4#主机,ZJ14,AREA-JDH-ZJ,金斗河主机区,DEV-ZJ1,1#主机,水泵,FO_ZJ1_LJYX,1#主机累计运行时间,DECIMAL,%,7085,R,1,139,,FO,4,42,\Address Space\ZJ14\FO,上位机读
1-4#主机,ZJ14,AREA-JDH-ZJ,金斗河主机区,DEV-ZJ2,2#主机,水泵,FO_ZJ2_KJCS,2#主机开机次数,DECIMAL,%,7087,R,1,140,,FO,4,43,\Address Space\ZJ14\FO,上位机读
1-4#主机,ZJ14,AREA-JDH-ZJ,金斗河主机区,DEV-ZJ2,2#主机,水泵,FO_ZJ2_BCYX,2#主机本次运行时间,DECIMAL,%,7089,R,1,141,,FO,4,44,\Address Space\ZJ14\FO,上位机读
1-4#主机,ZJ14,AREA-JDH-ZJ,金斗河主机区,DEV-ZJ2,2#主机,水泵,FO_ZJ2_LJYX,2#主机累计运行时间,DECIMAL,%,7091,R,1,142,,FO,4,45,\Address Space\ZJ14\FO,上位机读
1-4#主机,ZJ14,AREA-JDH-ZJ,金斗河主机区,DEV-ZJ3,3#主机,水泵,FO_ZJ3_KJCS,3#主机开机次数,DECIMAL,%,7093,R,1,143,,FO,4,46,\Address Space\ZJ14\FO,上位机读
1-4#主机,ZJ14,AREA-JDH-ZJ,金斗河主机区,DEV-ZJ3,3#主机,水泵,FO_ZJ3_BCYX,3#主机本次运行时间,DECIMAL,%,7095,R,1,144,,FO,4,47,\Address Space\ZJ14\FO,上位机读
1-4#主机,ZJ14,AREA-JDH-ZJ,金斗河主机区,DEV-ZJ3,3#主机,水泵,FO_ZJ3_LJYX,3#主机累计运行时间,DECIMAL,%,7097,R,1,145,,FO,4,48,\Address Space\ZJ14\FO,上位机读
1-4#主机,ZJ14,AREA-JDH-ZJ,金斗河主机区,DEV-ZJ4,4#主机,水泵,FO_ZJ4_KJCS,4#主机开机次数,DECIMAL,%,7099,R,1,146,,FO,4,49,\Address Space\ZJ14\FO,上位机读
1-4#主机,ZJ14,AREA-JDH-ZJ,金斗河主机区,DEV-ZJ4,4#主机,水泵,FO_ZJ4_BCYX,4#主机本次运行时间,DECIMAL,%,7101,R,1,147,,FO,4,50,\Address Space\ZJ14\FO,上位机读
1-4#主机,ZJ14,AREA-JDH-ZJ,金斗河主机区,DEV-ZJ4,4#主机,水泵,FO_ZJ4_LJYX,4#主机累计运行时间,DECIMAL,%,7103,R,1,148,,FO,4,51,\Address Space\ZJ14\FO,上位机读
5-6#主机,ZJ56,AREA-JDH-ZJ,金斗河主机区,DEV-ZJ5,5#主机,水泵,DI_ZJ5_YX,5#主机运行,BOOLEAN,,1,R,1,149,DI1,DI,1,0,\Address Space\ZJ56\DI,上位机读
5-6#主机,ZJ56,AREA-JDH-ZJ,金斗河主机区,DEV-ZJ5,5#主机,水泵,DI_ZJ5_HZ,5#主机电源合闸,BOOLEAN,,2,R,1,150,DI1,DI,1,1,\Address Space\ZJ56\DI,上位机读
5-6#主机,ZJ56,AREA-JDH-ZJ,金斗河主机区,DEV-ZJ5,5#主机,水泵,DI_ZJ5_SBGZ,5#主机水泵故障,BOOLEAN,,3,R,1,151,DI1,DI,1,2,\Address Space\ZJ56\DI,上位机读
5-6#主机,ZJ56,AREA-JDH-ZJ,金斗河主机区,DEV-ZJ5,5#主机,水泵,DI_ZJ5_RQGZ,5#主机软启故障,BOOLEAN,,4,R,1,152,DI1,DI,1,3,\Address Space\ZJ56\DI,上位机读
5-6#主机,ZJ56,AREA-JDH-ZJ,金斗河主机区,DEV-ZJ5,5#主机,水泵,DI_ZJ5_XD,5#主机现地,BOOLEAN,,5,R,1,153,DI1,DI,1,4,\Address Space\ZJ56\DI,上位机读
5-6#主机,ZJ56,AREA-JDH-ZJ,金斗河主机区,DEV-ZJ5,5#主机,水泵,DI_ZJ5_YC,5#主机远方,BOOLEAN,,6,R,1,154,DI1,DI,1,5,\Address Space\ZJ56\DI,上位机读
5-6#主机,ZJ56,AREA-JDH-ZJ,金斗河主机区,DEV-ZJ6,6#主机,水泵,DI_ZJ6_YX,6#主机运行,BOOLEAN,,8,R,1,155,DI1,DI,1,7,\Address Space\ZJ56\DI,上位机读
5-6#主机,ZJ56,AREA-JDH-ZJ,金斗河主机区,DEV-ZJ6,6#主机,水泵,DI_ZJ6_HZ,6#主机电源合闸,BOOLEAN,,9,R,1,156,DI1,DI,1,8,\Address Space\ZJ56\DI,上位机读
5-6#主机,ZJ56,AREA-JDH-ZJ,金斗河主机区,DEV-ZJ6,6#主机,水泵,DI_ZJ6_SBGZ,6#主机水泵故障,BOOLEAN,,10,R,1,157,DI1,DI,1,9,\Address Space\ZJ56\DI,上位机读
5-6#主机,ZJ56,AREA-JDH-ZJ,金斗河主机区,DEV-ZJ6,6#主机,水泵,DI_ZJ6_RQGZ,6#主机软启故障,BOOLEAN,,11,R,1,158,DI1,DI,1,10,\Address Space\ZJ56\DI,上位机读
5-6#主机,ZJ56,AREA-JDH-ZJ,金斗河主机区,DEV-ZJ6,6#主机,水泵,DI_ZJ6_XD,6#主机现地,BOOLEAN,,12,R,1,159,DI1,DI,1,11,\Address Space\ZJ56\DI,上位机读
5-6#主机,ZJ56,AREA-JDH-ZJ,金斗河主机区,DEV-ZJ6,6#主机,水泵,DI_ZJ6_YC,6#主机远方,BOOLEAN,,13,R,1,160,DI1,DI,1,12,\Address Space\ZJ56\DI,上位机读
5-6#主机,ZJ56,AREA-JDH-ZJ,金斗河主机区,DEV-ZJ5,5#主机,水泵,DO_ZJ5_QD,5#主机启动,BOOLEAN,,1,W,1,161,DO1,DO,0,0,\Address Space\ZJ56\DO,上位机读
5-6#主机,ZJ56,AREA-JDH-ZJ,金斗河主机区,DEV-ZJ5,5#主机,水泵,DO_ZJ5_TZ,5#主机停止,BOOLEAN,,2,W,1,162,DO1,DO,0,1,\Address Space\ZJ56\DO,上位机读
5-6#主机,ZJ56,AREA-JDH-ZJ,金斗河主机区,DEV-ZJ6,6#主机,水泵,DO_ZJ6_QD,6#主机启动,BOOLEAN,,4,W,1,163,DO1,DO,0,3,\Address Space\ZJ56\DO,上位机读
5-6#主机,ZJ56,AREA-JDH-ZJ,金斗河主机区,DEV-ZJ6,6#主机,水泵,DO_ZJ6_TZ,6#主机停止,BOOLEAN,,5,W,1,164,DO1,DO,0,4,\Address Space\ZJ56\DO,上位机读
5-6#主机,ZJ56,AREA-JDH-ZJ,金斗河主机区,DEV-ZJ5,5#主机,水泵,PC_ZJ5_QD,5#主机启动指令,BOOLEAN,,201,W,1,165,,DO,0,200,\Address Space\ZJ56\PC,上位机写1，PLC自复位
5-6#主机,ZJ56,AREA-JDH-ZJ,金斗河主机区,DEV-ZJ5,5#主机,水泵,PC_ZJ5_TZ,5#主机停止指令,BOOLEAN,,202,W,1,166,,DO,0,201,\Address Space\ZJ56\PC,上位机写1，PLC自复位
5-6#主机,ZJ56,AREA-JDH-ZJ,金斗河主机区,DEV-ZJ5,5#主机,水泵,PC_ZJ5_FW,5#主机复位指令,BOOLEAN,,203,W,1,167,,DO,0,202,\Address Space\ZJ56\PC,上位机写1，PLC自复位
5-6#主机,ZJ56,AREA-JDH-ZJ,金斗河主机区,DEV-ZJ6,6#主机,水泵,PC_ZJ6_QD,6#主机启动指令,BOOLEAN,,204,W,1,168,,DO,0,203,\Address Space\ZJ56\PC,上位机写1，PLC自复位
5-6#主机,ZJ56,AREA-JDH-ZJ,金斗河主机区,DEV-ZJ6,6#主机,水泵,PC_ZJ6_TZ,6#主机停止指令,BOOLEAN,,205,W,1,169,,DO,0,204,\Address Space\ZJ56\PC,上位机写1，PLC自复位
5-6#主机,ZJ56,AREA-JDH-ZJ,金斗河主机区,DEV-ZJ6,6#主机,水泵,PC_ZJ6_FW,6#主机复位指令,BOOLEAN,,206,W,1,170,,DO,0,205,\Address Space\ZJ56\PC,上位机写1，PLC自复位
5-6#主机,ZJ56,AREA-JDH-ZJ,金斗河主机区,DEV-ZJ5,5#主机,水泵,PC_ZJ5_YJKJ,5#主机一键开机指令,BOOLEAN,,207,W,1,171,,DO,0,206,\Address Space\ZJ56\PC,上位机写1，PLC自复位
5-6#主机,ZJ56,AREA-JDH-ZJ,金斗河主机区,DEV-ZJ6,6#主机,水泵,PC_ZJ6_YJKJ,6#主机一键开机指令,BOOLEAN,,208,W,1,172,,DO,0,207,\Address Space\ZJ56\PC,上位机写1，PLC自复位
5-6#主机,ZJ56,AREA-JDH-ZJ,金斗河主机区,DEV-ZJ5,5#主机,水泵,PC_ZJ5_YJTJ,5#主机一键停机指令,BOOLEAN,,209,W,1,173,,DO,0,208,\Address Space\ZJ56\PC,上位机写1，PLC自复位
5-6#主机,ZJ56,AREA-JDH-ZJ,金斗河主机区,DEV-ZJ6,6#主机,水泵,PC_ZJ6_YJTJ,6#主机一键停机指令,BOOLEAN,,210,W,1,174,,DO,0,209,\Address Space\ZJ56\PC,上位机写1，PLC自复位
5-6#主机,ZJ56,AREA-JDH-ZJ,金斗河主机区,DEV-ZJ5,5#主机,水泵,PC_ZJ5_JT,5#主机急停指令,BOOLEAN,,211,W,1,175,,DO,0,210,\Address Space\ZJ56\PC,上位机写1，PLC自复位
5-6#主机,ZJ56,AREA-JDH-ZJ,金斗河主机区,DEV-ZJ6,6#主机,水泵,PC_ZJ6_JT,6#主机急停指令,BOOLEAN,,212,W,1,176,,DO,0,211,\Address Space\ZJ56\PC,上位机写1，PLC自复位
5-6#主机,ZJ56,AREA-JDH-ZJ,金斗河主机区,DEV-ZJ5,5#主机,水泵,BJ_ZJ5_QD,5#主机启动报警,BOOLEAN,,401,W,1,177,,DO,0,400,\Address Space\ZJ56\BJ,上位机读
5-6#主机,ZJ56,AREA-JDH-ZJ,金斗河主机区,DEV-ZJ5,5#主机,水泵,BJ_ZJ5_TZ,5#主机停止报警,BOOLEAN,,402,W,1,178,,DO,0,401,\Address Space\ZJ56\BJ,上位机读
5-6#主机,ZJ56,AREA-JDH-ZJ,金斗河主机区,DEV-ZJ6,6#主机,水泵,BJ_ZJ6_QD,6#主机启动报警,BOOLEAN,,403,W,1,179,,DO,0,402,\Address Space\ZJ56\BJ,上位机读
5-6#主机,ZJ56,AREA-JDH-ZJ,金斗河主机区,DEV-ZJ6,6#主机,水泵,BJ_ZJ6_TZ,6#主机停止报警,BOOLEAN,,404,W,1,180,,DO,0,403,\Address Space\ZJ56\BJ,上位机读
5-6#主机,ZJ56,AREA-JDH-ZJ,金斗河主机区,DEV-ZJ5,5#主机,水泵,FO_ZJ5_Ia,5#主机A相电流,DECIMAL,%,7001,R,1,181,,FO,4,0,\Address Space\ZJ56\FO,上位机读
5-6#主机,ZJ56,AREA-JDH-ZJ,金斗河主机区,DEV-ZJ5,5#主机,水泵,FO_ZJ5_Ib,5#主机B相电流,DECIMAL,%,7003,R,1,182,,FO,4,1,\Address Space\ZJ56\FO,上位机读
5-6#主机,ZJ56,AREA-JDH-ZJ,金斗河主机区,DEV-ZJ5,5#主机,水泵,FO_ZJ5_Ic,5#主机C相电流,DECIMAL,%,7005,R,1,183,,FO,4,2,\Address Space\ZJ56\FO,上位机读
5-6#主机,ZJ56,AREA-JDH-ZJ,金斗河主机区,DEV-ZJ5,5#主机,水泵,FO_ZJ5_Uab,5#主机AB相电压,DECIMAL,%,7007,R,1,184,,FO,4,3,\Address Space\ZJ56\FO,上位机读
5-6#主机,ZJ56,AREA-JDH-ZJ,金斗河主机区,DEV-ZJ5,5#主机,水泵,FO_ZJ5_Ubc,5#主机BC相电压,DECIMAL,%,7009,R,1,185,,FO,4,4,\Address Space\ZJ56\FO,上位机读
5-6#主机,ZJ56,AREA-JDH-ZJ,金斗河主机区,DEV-ZJ5,5#主机,水泵,FO_ZJ5_Uca,5#主机CA相电压,DECIMAL,%,7011,R,1,186,,FO,4,5,\Address Space\ZJ56\FO,上位机读
5-6#主机,ZJ56,AREA-JDH-ZJ,金斗河主机区,DEV-ZJ5,5#主机,水泵,FO_ZJ5_P,5#主机总有功功率,DECIMAL,%,7013,R,1,187,,FO,4,6,\Address Space\ZJ56\FO,上位机读
5-6#主机,ZJ56,AREA-JDH-ZJ,金斗河主机区,DEV-ZJ5,5#主机,水泵,FO_ZJ5_Q,5#主机总无功功率,DECIMAL,%,7015,R,1,188,,FO,4,7,\Address Space\ZJ56\FO,上位机读
5-6#主机,ZJ56,AREA-JDH-ZJ,金斗河主机区,DEV-ZJ5,5#主机,水泵,FO_ZJ5_PF,5#主机总功率因数,DECIMAL,%,7017,R,1,189,,FO,4,8,\Address Space\ZJ56\FO,上位机读
5-6#主机,ZJ56,AREA-JDH-ZJ,金斗河主机区,DEV-ZJ5,5#主机,水泵,FO_ZJ5_F,5#主机频率,DECIMAL,%,7019,R,1,190,,FO,4,9,\Address Space\ZJ56\FO,上位机读
5-6#主机,ZJ56,AREA-JDH-ZJ,金斗河主机区,DEV-ZJ6,6#主机,水泵,FO_ZJ6_Ia,6#主机A相电流,DECIMAL,%,7021,R,1,191,,FO,4,10,\Address Space\ZJ56\FO,上位机读
5-6#主机,ZJ56,AREA-JDH-ZJ,金斗河主机区,DEV-ZJ6,6#主机,水泵,FO_ZJ6_Ib,6#主机B相电流,DECIMAL,%,7023,R,1,192,,FO,4,11,\Address Space\ZJ56\FO,上位机读
5-6#主机,ZJ56,AREA-JDH-ZJ,金斗河主机区,DEV-ZJ6,6#主机,水泵,FO_ZJ6_Ic,6#主机C相电流,DECIMAL,%,7025,R,1,193,,FO,4,12,\Address Space\ZJ56\FO,上位机读
5-6#主机,ZJ56,AREA-JDH-ZJ,金斗河主机区,DEV-ZJ6,6#主机,水泵,FO_ZJ6_Uab,6#主机AB相电压,DECIMAL,%,7027,R,1,194,,FO,4,13,\Address Space\ZJ56\FO,上位机读
5-6#主机,ZJ56,AREA-JDH-ZJ,金斗河主机区,DEV-ZJ6,6#主机,水泵,FO_ZJ6_Ubc,6#主机BC相电压,DECIMAL,%,7029,R,1,195,,FO,4,14,\Address Space\ZJ56\FO,上位机读
5-6#主机,ZJ56,AREA-JDH-ZJ,金斗河主机区,DEV-ZJ6,6#主机,水泵,FO_ZJ6_Uca,6#主机CA相电压,DECIMAL,%,7031,R,1,196,,FO,4,15,\Address Space\ZJ56\FO,上位机读
5-6#主机,ZJ56,AREA-JDH-ZJ,金斗河主机区,DEV-ZJ6,6#主机,水泵,FO_ZJ6_P,6#主机总有功功率,DECIMAL,%,7033,R,1,197,,FO,4,16,\Address Space\ZJ56\FO,上位机读
5-6#主机,ZJ56,AREA-JDH-ZJ,金斗河主机区,DEV-ZJ6,6#主机,水泵,FO_ZJ6_Q,6#主机总无功功率,DECIMAL,%,7035,R,1,198,,FO,4,17,\Address Space\ZJ56\FO,上位机读
5-6#主机,ZJ56,AREA-JDH-ZJ,金斗河主机区,DEV-ZJ6,6#主机,水泵,FO_ZJ6_PF,6#主机总功率因数,DECIMAL,%,7037,R,1,199,,FO,4,18,\Address Space\ZJ56\FO,上位机读
5-6#主机,ZJ56,AREA-JDH-ZJ,金斗河主机区,DEV-ZJ6,6#主机,水泵,FO_ZJ6_F,6#主机频率,DECIMAL,%,7039,R,1,200,,FO,4,19,\Address Space\ZJ56\FO,上位机读
5-6#主机,ZJ56,AREA-JDH-ZJ,金斗河主机区,DEV-ZJ5,5#主机,水泵,FO_ZJ5_KJCS,5#主机开机次数,DECIMAL,%,7041,R,1,201,,FO,4,20,\Address Space\ZJ56\FO,上位机读
5-6#主机,ZJ56,AREA-JDH-ZJ,金斗河主机区,DEV-ZJ5,5#主机,水泵,FO_ZJ5_BCYX,5#主机本次运行时间,DECIMAL,%,7043,R,1,202,,FO,4,21,\Address Space\ZJ56\FO,上位机读
5-6#主机,ZJ56,AREA-JDH-ZJ,金斗河主机区,DEV-ZJ5,5#主机,水泵,FO_ZJ5_LJYX,5#主机累计运行时间,DECIMAL,%,7045,R,1,203,,FO,4,22,\Address Space\ZJ56\FO,上位机读
5-6#主机,ZJ56,AREA-JDH-ZJ,金斗河主机区,DEV-ZJ6,6#主机,水泵,FO_ZJ6_KJCS,6#主机开机次数,DECIMAL,%,7047,R,1,204,,FO,4,23,\Address Space\ZJ56\FO,上位机读
5-6#主机,ZJ56,AREA-JDH-ZJ,金斗河主机区,DEV-ZJ6,6#主机,水泵,FO_ZJ6_BCYX,6#主机本次运行时间,DECIMAL,%,7049,R,1,205,,FO,4,24,\Address Space\ZJ56\FO,上位机读
5-6#主机,ZJ56,AREA-JDH-ZJ,金斗河主机区,DEV-ZJ6,6#主机,水泵,FO_ZJ6_LJYX,6#主机累计运行时间,DECIMAL,%,7051,R,1,206,,FO,4,25,\Address Space\ZJ56\FO,上位机读
1-2闸门,ZM12,AREA-JDH-ZM,金斗河闸门区,DEV-ZM1,1#闸门,闸门,DI_ZM1_YC,1#闸门远程,BOOLEAN,,1,R,1,207,DI,DI,1,0,\Address Space\ZM12\DI,上位机读
1-2闸门,ZM12,AREA-JDH-ZM,金斗河闸门区,DEV-ZM1,1#闸门,闸门,DI_ZM1_GZ,1#闸门故障,BOOLEAN,,2,R,1,208,DI,DI,1,1,\Address Space\ZM12\DI,上位机读
1-2闸门,ZM12,AREA-JDH-ZM,金斗河闸门区,DEV-ZM1,1#闸门,闸门,DI_ZM1_SS,1#闸门上升,BOOLEAN,,3,R,1,209,DI,DI,1,2,\Address Space\ZM12\DI,上位机读
1-2闸门,ZM12,AREA-JDH-ZM,金斗河闸门区,DEV-ZM1,1#闸门,闸门,DI_ZM1_XJ,1#闸门下降,BOOLEAN,,4,R,1,210,DI,DI,1,3,\Address Space\ZM12\DI,上位机读
1-2闸门,ZM12,AREA-JDH-ZM,金斗河闸门区,DEV-ZM1,1#闸门,闸门,DI_ZM1_QK,1#闸门全开,BOOLEAN,,5,R,1,211,DI,DI,1,4,\Address Space\ZM12\DI,上位机读
1-2闸门,ZM12,AREA-JDH-ZM,金斗河闸门区,DEV-ZM1,1#闸门,闸门,DI_ZM1_QG,1#闸门全关,BOOLEAN,,6,R,1,212,DI,DI,1,5,\Address Space\ZM12\DI,上位机读
1-2闸门,ZM12,AREA-JDH-ZM,金斗河闸门区,DEV-ZM2,2#闸门,闸门,DI_ZM2_YC,2#闸门远程,BOOLEAN,,13,R,1,213,DI,DI,1,12,\Address Space\ZM12\DI,上位机读
1-2闸门,ZM12,AREA-JDH-ZM,金斗河闸门区,DEV-ZM2,2#闸门,闸门,DI_ZM2_GZ,2#闸门故障,BOOLEAN,,14,R,1,214,DI,DI,1,13,\Address Space\ZM12\DI,上位机读
1-2闸门,ZM12,AREA-JDH-ZM,金斗河闸门区,DEV-ZM2,2#闸门,闸门,DI_ZM2_SS,2#闸门上升,BOOLEAN,,15,R,1,215,DI,DI,1,14,\Address Space\ZM12\DI,上位机读
1-2闸门,ZM12,AREA-JDH-ZM,金斗河闸门区,DEV-ZM2,2#闸门,闸门,DI_ZM2_XJ,2#闸门下降,BOOLEAN,,16,R,1,216,DI,DI,1,15,\Address Space\ZM12\DI,上位机读
1-2闸门,ZM12,AREA-JDH-ZM,金斗河闸门区,DEV-ZM2,2#闸门,闸门,DI_ZM2_QK,2#闸门全开,BOOLEAN,,17,R,1,217,DI,DI,1,16,\Address Space\ZM12\DI,上位机读
1-2闸门,ZM12,AREA-JDH-ZM,金斗河闸门区,DEV-ZM2,2#闸门,闸门,DI_ZM2_QG,2#闸门全关,BOOLEAN,,18,R,1,218,DI,DI,1,17,\Address Space\ZM12\DI,上位机读
1-2闸门,ZM12,AREA-JDH-ZM,金斗河闸门区,DEV-ZM1,1#闸门,闸门,DO_ZM1_SS,1#闸门上升,BOOLEAN,,1,W,1,219,DO,DO,0,0,\Address Space\ZM12\DO,上位机读
1-2闸门,ZM12,AREA-JDH-ZM,金斗河闸门区,DEV-ZM1,1#闸门,闸门,DO_ZM1_XJ,1#闸门下降,BOOLEAN,,2,W,1,220,DO,DO,0,1,\Address Space\ZM12\DO,上位机读
1-2闸门,ZM12,AREA-JDH-ZM,金斗河闸门区,DEV-ZM1,1#闸门,闸门,DO_ZM1_TZ,1#闸门停止,BOOLEAN,,3,W,1,221,DO,DO,0,2,\Address Space\ZM12\DO,上位机读
1-2闸门,ZM12,AREA-JDH-ZM,金斗河闸门区,DEV-ZM2,2#闸门,闸门,DO_ZM2_SS,2#闸门上升,BOOLEAN,,5,W,1,222,DO,DO,0,4,\Address Space\ZM12\DO,上位机读
1-2闸门,ZM12,AREA-JDH-ZM,金斗河闸门区,DEV-ZM2,2#闸门,闸门,DO_ZM2_XJ,2#闸门下降,BOOLEAN,,6,W,1,223,DO,DO,0,5,\Address Space\ZM12\DO,上位机读
1-2闸门,ZM12,AREA-JDH-ZM,金斗河闸门区,DEV-ZM2,2#闸门,闸门,DO_ZM2_TZ,2#闸门停止,BOOLEAN,,7,W,1,224,DO,DO,0,6,\Address Space\ZM12\DO,上位机读
1-2闸门,ZM12,AREA-JDH-ZM,金斗河闸门区,DEV-ZM1,1#闸门,闸门,PC_ZM1_SS,1#闸门上升指令,BOOLEAN,,201,W,1,225,,DO,0,200,\Address Space\ZM12\PC,上位机写1，PLC自复位
1-2闸门,ZM12,AREA-JDH-ZM,金斗河闸门区,DEV-ZM1,1#闸门,闸门,PC_ZM1_XJ,1#闸门下降指令,BOOLEAN,,202,W,1,226,,DO,0,201,\Address Space\ZM12\PC,上位机写1，PLC自复位
1-2闸门,ZM12,AREA-JDH-ZM,金斗河闸门区,DEV-ZM1,1#闸门,闸门,PC_ZM1_TZ,1#闸门停止指令,BOOLEAN,,203,W,1,227,,DO,0,202,\Address Space\ZM12\PC,上位机写1，PLC自复位
1-2闸门,ZM12,AREA-JDH-ZM,金斗河闸门区,DEV-ZM2,2#闸门,闸门,PC_ZM2_SS,2#闸门上升指令,BOOLEAN,,204,W,1,228,,DO,0,203,\Address Space\ZM12\PC,上位机写1，PLC自复位
1-2闸门,ZM12,AREA-JDH-ZM,金斗河闸门区,DEV-ZM2,2#闸门,闸门,PC_ZM2_XJ,2#闸门下降指令,BOOLEAN,,205,W,1,229,,DO,0,204,\Address Space\ZM12\PC,上位机写1，PLC自复位
1-2闸门,ZM12,AREA-JDH-ZM,金斗河闸门区,DEV-ZM2,2#闸门,闸门,PC_ZM2_TZ,2#闸门停止指令,BOOLEAN,,206,W,1,230,,DO,0,205,\Address Space\ZM12\PC,上位机写1，PLC自复位
1-2闸门,ZM12,AREA-JDH-ZM,金斗河闸门区,DEV-ZM1,1#闸门,闸门,BJ_ZM1_SS,1#闸门上升报警,BOOLEAN,,401,W,1,231,,DO,0,400,\Address Space\ZM12\BJ,上位机读
1-2闸门,ZM12,AREA-JDH-ZM,金斗河闸门区,DEV-ZM1,1#闸门,闸门,BJ_ZM1_XJ,1#闸门下降报警,BOOLEAN,,402,W,1,232,,DO,0,401,\Address Space\ZM12\BJ,上位机读
1-2闸门,ZM12,AREA-JDH-ZM,金斗河闸门区,DEV-ZM1,1#闸门,闸门,BJ_ZM1_TZ,1#闸门停止报警,BOOLEAN,,403,W,1,233,,DO,0,402,\Address Space\ZM12\BJ,上位机读
1-2闸门,ZM12,AREA-JDH-ZM,金斗河闸门区,DEV-ZM2,2#闸门,闸门,BJ_ZM2_SS,2#闸门上升报警,BOOLEAN,,404,W,1,234,,DO,0,403,\Address Space\ZM12\BJ,上位机读
1-2闸门,ZM12,AREA-JDH-ZM,金斗河闸门区,DEV-ZM2,2#闸门,闸门,BJ_ZM2_XJ,2#闸门下降报警,BOOLEAN,,405,W,1,235,,DO,0,404,\Address Space\ZM12\BJ,上位机读
1-2闸门,ZM12,AREA-JDH-ZM,金斗河闸门区,DEV-ZM2,2#闸门,闸门,BJ_ZM2_TZ,2#闸门停止报警,BOOLEAN,,406,W,1,236,,DO,0,405,\Address Space\ZM12\BJ,上位机读
1-2闸门,ZM12,AREA-JDH-ZM,金斗河闸门区,DEV-ZM12-CABINET,1#2#闸门控制柜,PLC,FO_ZM12_Ia,1#2#闸门控制柜A相电流,DECIMAL,%,7001,R,1,237,,FO,4,0,\Address Space\ZM12\FO,上位机读
1-2闸门,ZM12,AREA-JDH-ZM,金斗河闸门区,DEV-ZM12-CABINET,1#2#闸门控制柜,PLC,FO_ZM12_Ib,1#2#闸门控制柜B相电流,DECIMAL,%,7003,R,1,238,,FO,4,1,\Address Space\ZM12\FO,上位机读
1-2闸门,ZM12,AREA-JDH-ZM,金斗河闸门区,DEV-ZM12-CABINET,1#2#闸门控制柜,PLC,FO_ZM12_Ic,1#2#闸门控制柜C相电流,DECIMAL,%,7005,R,1,239,,FO,4,2,\Address Space\ZM12\FO,上位机读
1-2闸门,ZM12,AREA-JDH-ZM,金斗河闸门区,DEV-ZM12-CABINET,1#2#闸门控制柜,PLC,FO_ZM12_Uab,1#2#闸门控制柜AB相电压,DECIMAL,%,7007,R,1,240,,FO,4,3,\Address Space\ZM12\FO,上位机读
1-2闸门,ZM12,AREA-JDH-ZM,金斗河闸门区,DEV-ZM12-CABINET,1#2#闸门控制柜,PLC,FO_ZM12_Ubc,1#2#闸门控制柜BC相电压,DECIMAL,%,7009,R,1,241,,FO,4,4,\Address Space\ZM12\FO,上位机读
1-2闸门,ZM12,AREA-JDH-ZM,金斗河闸门区,DEV-ZM12-CABINET,1#2#闸门控制柜,PLC,FO_ZM12_Uca,1#2#闸门控制柜CA相电压,DECIMAL,%,7011,R,1,242,,FO,4,5,\Address Space\ZM12\FO,上位机读
1-2闸门,ZM12,AREA-JDH-ZM,金斗河闸门区,DEV-ZM12-CABINET,1#2#闸门控制柜,PLC,FO_ZM12_P,1#2#闸门控制柜总有功功率,DECIMAL,%,7013,R,1,243,,FO,4,6,\Address Space\ZM12\FO,上位机读
1-2闸门,ZM12,AREA-JDH-ZM,金斗河闸门区,DEV-ZM12-CABINET,1#2#闸门控制柜,PLC,FO_ZM12_Q,1#2#闸门控制柜总无功功率,DECIMAL,%,7015,R,1,244,,FO,4,7,\Address Space\ZM12\FO,上位机读
1-2闸门,ZM12,AREA-JDH-ZM,金斗河闸门区,DEV-ZM12-CABINET,1#2#闸门控制柜,PLC,FO_ZM12_PF,1#2#闸门控制柜总功率因数,DECIMAL,%,7017,R,1,245,,FO,4,8,\Address Space\ZM12\FO,上位机读
1-2闸门,ZM12,AREA-JDH-ZM,金斗河闸门区,DEV-ZM12-CABINET,1#2#闸门控制柜,PLC,FO_ZM12_F,1#2#闸门控制柜频率,DECIMAL,%,7019,R,1,246,,FO,4,9,\Address Space\ZM12\FO,上位机读
5闸门,ZM5,AREA-JDH-ZM,金斗河闸门区,DEV-ZM5,5#闸门,闸门,DI_ZM5_YC,5#闸门远程,BOOLEAN,,1,R,1,247,DI,DI,1,0,\Address Space\ZM5\DI,上位机读
5闸门,ZM5,AREA-JDH-ZM,金斗河闸门区,DEV-ZM5,5#闸门,闸门,DI_ZM5_GZ,5#闸门故障,BOOLEAN,,2,R,1,248,DI,DI,1,1,\Address Space\ZM5\DI,上位机读
5闸门,ZM5,AREA-JDH-ZM,金斗河闸门区,DEV-ZM5,5#闸门,闸门,DI_ZM5_SS,5#闸门上升,BOOLEAN,,3,R,1,249,DI,DI,1,2,\Address Space\ZM5\DI,上位机读
5闸门,ZM5,AREA-JDH-ZM,金斗河闸门区,DEV-ZM5,5#闸门,闸门,DI_ZM5_XJ,5#闸门下降,BOOLEAN,,4,R,1,250,DI,DI,1,3,\Address Space\ZM5\DI,上位机读
5闸门,ZM5,AREA-JDH-ZM,金斗河闸门区,DEV-ZM5,5#闸门,闸门,DI_ZM5_QK,5#闸门全开,BOOLEAN,,5,R,1,251,DI,DI,1,4,\Address Space\ZM5\DI,上位机读
5闸门,ZM5,AREA-JDH-ZM,金斗河闸门区,DEV-ZM5,5#闸门,闸门,DI_ZM5_QG,5#闸门全关,BOOLEAN,,6,R,1,252,DI,DI,1,5,\Address Space\ZM5\DI,上位机读
5闸门,ZM5,AREA-JDH-ZM,金斗河闸门区,DEV-ZM5,5#闸门,闸门,DO_ZM5_SS,5#闸门上升,BOOLEAN,,1,W,1,253,DO,DO,0,0,\Address Space\ZM5\DO,上位机读
5闸门,ZM5,AREA-JDH-ZM,金斗河闸门区,DEV-ZM5,5#闸门,闸门,DO_ZM5_XJ,5#闸门下降,BOOLEAN,,2,W,1,254,DO,DO,0,1,\Address Space\ZM5\DO,上位机读
5闸门,ZM5,AREA-JDH-ZM,金斗河闸门区,DEV-ZM5,5#闸门,闸门,DO_ZM5_TZ,5#闸门停止,BOOLEAN,,3,W,1,255,DO,DO,0,2,\Address Space\ZM5\DO,上位机读
5闸门,ZM5,AREA-JDH-ZM,金斗河闸门区,DEV-ZM5,5#闸门,闸门,AI_ZM5_KD,开度,DECIMAL,%,1,R,1,256,AI,AI,3,0,\Address Space\ZM5\AI,
5闸门,ZM5,AREA-JDH-ZM,金斗河闸门区,DEV-ZM5,5#闸门,闸门,AI_ZM5_ZHZ,左荷重,DECIMAL,,2,R,1,257,AI,AI,3,1,\Address Space\ZM5\AI,
5闸门,ZM5,AREA-JDH-ZM,金斗河闸门区,DEV-ZM5,5#闸门,闸门,AI_ZM5_YHZ,右荷重,DECIMAL,,3,R,1,258,AI,AI,3,2,\Address Space\ZM5\AI,
5闸门,ZM5,AREA-JDH-ZM,金斗河闸门区,DEV-ZM5,5#闸门,闸门,PC_ZM5_SS,5#闸门上升指令,BOOLEAN,,201,W,1,259,,DO,0,200,\Address Space\ZM5\PC,上位机写1，PLC自复位
5闸门,ZM5,AREA-JDH-ZM,金斗河闸门区,DEV-ZM5,5#闸门,闸门,PC_ZM5_XJ,5#闸门下降指令,BOOLEAN,,202,W,1,260,,DO,0,201,\Address Space\ZM5\PC,上位机写1，PLC自复位
5闸门,ZM5,AREA-JDH-ZM,金斗河闸门区,DEV-ZM5,5#闸门,闸门,PC_ZM5_TZ,5#闸门停止指令,BOOLEAN,,203,W,1,261,,DO,0,202,\Address Space\ZM5\PC,上位机写1，PLC自复位
5闸门,ZM5,AREA-JDH-ZM,金斗河闸门区,DEV-ZM5,5#闸门,闸门,PC_ZM5_KZSD,5#闸门开至设定指令,BOOLEAN,,204,W,1,262,,DO,0,203,\Address Space\ZM5\PC,上位机写1，PLC自复位
5闸门,ZM5,AREA-JDH-ZM,金斗河闸门区,DEV-ZM5,5#闸门,闸门,BJ_ZM5_SS,5#闸门上升报警,BOOLEAN,,401,W,1,263,,DO,0,400,\Address Space\ZM5\BJ,上位机读
5闸门,ZM5,AREA-JDH-ZM,金斗河闸门区,DEV-ZM5,5#闸门,闸门,BJ_ZM5_XJ,5#闸门下降报警,BOOLEAN,,402,W,1,264,,DO,0,401,\Address Space\ZM5\BJ,上位机读
5闸门,ZM5,AREA-JDH-ZM,金斗河闸门区,DEV-ZM5,5#闸门,闸门,BJ_ZM5_TZ,5#闸门停止报警,BOOLEAN,,403,W,1,265,,DO,0,402,\Address Space\ZM5\BJ,上位机读
5闸门,ZM5,AREA-JDH-ZM,金斗河闸门区,DEV-ZM5,5#闸门,闸门,FO_ZM5_Ia,5#闸门控制柜A相电流,DECIMAL,%,7001,R,1,266,,FO,4,0,\Address Space\ZM5\FO,上位机读
5闸门,ZM5,AREA-JDH-ZM,金斗河闸门区,DEV-ZM5,5#闸门,闸门,FO_ZM5_Ib,5#闸门控制柜B相电流,DECIMAL,%,7003,R,1,267,,FO,4,1,\Address Space\ZM5\FO,上位机读
5闸门,ZM5,AREA-JDH-ZM,金斗河闸门区,DEV-ZM5,5#闸门,闸门,FO_ZM5_Ic,5#闸门控制柜C相电流,DECIMAL,%,7005,R,1,268,,FO,4,2,\Address Space\ZM5\FO,上位机读
5闸门,ZM5,AREA-JDH-ZM,金斗河闸门区,DEV-ZM5,5#闸门,闸门,FO_ZM5_Uab,5#闸门控制柜AB相电压,DECIMAL,%,7007,R,1,269,,FO,4,3,\Address Space\ZM5\FO,上位机读
5闸门,ZM5,AREA-JDH-ZM,金斗河闸门区,DEV-ZM5,5#闸门,闸门,FO_ZM5_Ubc,5#闸门控制柜BC相电压,DECIMAL,%,7009,R,1,270,,FO,4,4,\Address Space\ZM5\FO,上位机读
5闸门,ZM5,AREA-JDH-ZM,金斗河闸门区,DEV-ZM5,5#闸门,闸门,FO_ZM5_Uca,5#闸门控制柜CA相电压,DECIMAL,%,7011,R,1,271,,FO,4,5,\Address Space\ZM5\FO,上位机读
5闸门,ZM5,AREA-JDH-ZM,金斗河闸门区,DEV-ZM5,5#闸门,闸门,FO_ZM5_P,5#闸门控制柜总有功功率,DECIMAL,%,7013,R,1,272,,FO,4,6,\Address Space\ZM5\FO,上位机读
5闸门,ZM5,AREA-JDH-ZM,金斗河闸门区,DEV-ZM5,5#闸门,闸门,FO_ZM5_Q,5#闸门控制柜总无功功率,DECIMAL,%,7015,R,1,273,,FO,4,7,\Address Space\ZM5\FO,上位机读
5闸门,ZM5,AREA-JDH-ZM,金斗河闸门区,DEV-ZM5,5#闸门,闸门,FO_ZM5_PF,5#闸门控制柜总功率因数,DECIMAL,%,7017,R,1,274,,FO,4,8,\Address Space\ZM5\FO,上位机读
5闸门,ZM5,AREA-JDH-ZM,金斗河闸门区,DEV-ZM5,5#闸门,闸门,FO_ZM5_F,5#闸门控制柜频率,DECIMAL,%,7019,R,1,275,,FO,4,9,\Address Space\ZM5\FO,上位机读
5闸门,ZM5,AREA-JDH-ZM,金斗河闸门区,DEV-ZM5,5#闸门,闸门,FO_ZM5_KD,5#闸门启闭机开度,DECIMAL,%,7021,R,1,276,,FO,4,10,\Address Space\ZM5\FO,上位机读
5闸门,ZM5,AREA-JDH-ZM,金斗河闸门区,DEV-ZM5,5#闸门,闸门,FO_ZM5_ZHZ,5#闸门启闭机左荷重,DECIMAL,%,7023,R,1,277,,FO,4,11,\Address Space\ZM5\FO,上位机读
5闸门,ZM5,AREA-JDH-ZM,金斗河闸门区,DEV-ZM5,5#闸门,闸门,FO_ZM5_YHZ,5#闸门启闭机右荷重,DECIMAL,%,7025,R,1,278,,FO,4,12,\Address Space\ZM5\FO,上位机读
5闸门,ZM5,AREA-JDH-ZM,金斗河闸门区,DEV-ZM5,5#闸门,闸门,FO_ZM5_KDSD,5#闸门启闭机开度设定值,DECIMAL,%,7027,W,1,279,,FO,4,13,\Address Space\ZM5\FO,上位机写
